"","ID","TrophicSpecies","TotalDegree","NumPrey","NumPred","Between","Closeness","TL","Omn","deg_rank","btw_rank","clo_rank","Keystone_ind","Keystone_rank"
"1",1,"Mytilus sp.",12,2,10,25.695670995671,0.00298507462686567,2.5,0.25,12,16,15,14.3333333333333,12
"2",2,"Perumytilus purpuratus",4,2,2,1.83333333333333,0.00238095238095238,2.5,0.25,20,58,64,47.3333333333333,61
"3",3,"Phytodetritus",9,0,9,0,0.0026525198938992,1,0,15,72,35,40.6666666666667,49
"4",4,"Bivalvia",15,1,14,10.7054112554113,0.00297619047619048,2,0,9,27,16,17.3333333333333,16
"5",5,"Gastropoda",8,1,7,1.85497835497835,0.00268096514745308,2,0,16,57,33,35.3333333333333,39
"6",6,"Harpagifer bispinis",8,5,3,40.4611111111111,0.0026525198938992,3.158,0.039,16,8,35,19.6666666666667,18
"7",7,"Zooplankton",17,1,16,5.28354978354978,0.00314465408805031,2,0,7,41,7,18.3333333333333,17
"8",8,"Doryteuthis gahi",11,2,9,20.0833333333333,0.00260416666666667,4.167,0.111,13,18,39,23.3333333333333,20
"9",9,"Myctophidae",5,1,4,8.58333333333333,0.00248756218905473,3.333,0,19,30,53,34,37
"10",10,"Patagonotothen tessellata",12,8,4,38.6214285714286,0.00294117647058824,3.191,0.727,12,9,18,13,9
"11",11,"Sprattus fuegensis",17,4,13,98.1393217893218,0.003003003003003,2.833,0.25,7,2,14,7.66666666666667,6
"12",12,"Brown algae",21,0,21,0,0.00303030303030303,1,0,5,72,13,30,30
"13",13,"Foraminifera",12,3,9,21.0159090909091,0.00306748466257669,2.444,0.395,12,17,10,13,9
"14",14,"Green algae",10,0,10,0,0.00284090909090909,1,0,14,72,21,35.6666666666667,40
"15",15,"Ostracoda",12,3,9,17.9004329004329,0.00313479623824451,2.333,0.222,12,20,8,13.3333333333333,10
"16",16,"Red algae",10,0,10,0,0.00284900284900285,1,0,14,72,20,35.3333333333333,39
"17",17,"Merluccius australis",3,1,2,6,0.00233100233100233,3.833,0,21,34,70,41.6666666666667,50
"18",18,"Phytoplankton",28,0,28,0,0.0032258064516129,1,0,1,72,4,25.6666666666667,23
"19",19,"Isopoda",9,3,6,30.0777777777778,0.00294117647058824,2,0,15,13,18,15.3333333333333,13
"20",20,"Patagonotothen cornucola",6,2,4,5.86666666666667,0.00255102040816327,3.75,0.562,18,36,45,33,35
"21",21,"Polychaeta",21,8,13,120.845238095238,0.00333333333333333,2.458,0.359,5,1,2,2.66666666666667,2
"22",22,"Bivalvia (larvae)",5,2,3,4.5,0.00226757369614512,2,0,19,42,72,44.3333333333333,55
"23",23,"Calanoid (copepodite)",4,1,3,1.83333333333333,0.00237529691211401,2,0,20,58,65,47.6666666666667,62
"24",24,"Copepoda (egg)",3,0,3,0,0.00196463654223969,1,0,21,72,90,61,87
"25",25,"Copepoda (nauplius)",4,1,3,2.5,0.0019723865877712,2,0,20,52,89,53.6666666666667,73
"26",26,"Detritus",24,0,24,0,0.00323624595469256,1,0,2,72,3,25.6666666666667,23
"27",27,"Plankton diatom",8,0,8,0,0.00273224043715847,1,0,16,72,29,39,45
"28",28,"Salp",5,3,2,4.16666666666667,0.00263852242744063,2.444,0.395,19,45,37,33.6666666666667,36
"29",29,"Benthic diatom",5,0,5,0,0.00260416666666667,1,0,19,72,39,43.3333333333333,53
"30",30,"Exosphaeroma gigas",7,1,6,5.53888888888889,0.00268817204301075,2,0,17,37,32,28.6666666666667,26
"31",31,"Benthic decapoda",22,1,21,46.2194805194805,0.00319488817891374,3.5,0,4,4,5,4.33333333333333,3
"32",32,"Eleginops maclovinus",23,20,3,60.827886002886,0.00336700336700337,3.17,0.789,3,3,1,2.33333333333333,1
"33",33,"Enteroctopus megalocyathus",5,2,3,3.89285714285714,0.00268096514745308,3.75,0.563,19,46,33,32.6666666666667,34
"34",34,"Halicarcinus planatus",4,1,3,0.833333333333333,0.00259067357512953,2,0,20,66,41,42.3333333333333,51
"35",35,"Illex argentinus",7,4,3,11.1678571428571,0.00265957446808511,3.625,0.811,17,25,34,25.3333333333333,22
"36",36,"Macruronus magellanicus",8,2,6,9.55952380952381,0.00255102040816327,4.167,0.111,16,28,45,29.6666666666667,29
"37",37,"Odontesthes sp.",9,2,7,13.3672799422799,0.00264550264550265,3,0,15,24,36,25,21
"38",38,"Patagonotothen sp.",10,4,6,37.734126984127,0.00289017341040462,3.24,0.808,14,10,19,14.3333333333333,12
"39",39,"Zoarcidae",4,2,2,2.14404761904762,0.00254452926208651,3.229,0.053,20,55,46,40.3333333333333,48
"40",40,"Patagonotothen sima",5,4,1,5.33333333333333,0.00277777777777778,3.573,0.315,19,39,26,28,25
"41",41,"Amphipoda",18,1,17,26.3488095238095,0.00309597523219814,2,0,6,15,9,10,7
"42",42,"Nanoflagellates",2,0,2,0,0.00196463654223969,1,0,22,72,90,61.3333333333333,88
"43",43,"Arbacia dufresnii",6,5,1,4.33333333333333,0.0025706940874036,2.556,0.464,18,44,43,35,38
"44",44,"Loxechinus albus",4,3,1,7.83333333333333,0.00234741784037559,2.719,1.035,20,31,69,40,47
"45",45,"Pseudechinus magellanicus",8,3,5,17,0.00277008310249307,2.926,0.431,16,22,27,21.6666666666667,19
"46",46,"Grimothea gregaria",6,5,1,6.09444444444444,0.00263852242744063,2.4,0.24,18,33,37,29.3333333333333,28
"47",47,"Peltarion spinulosum",2,1,1,14.95,0.00234741784037559,3.642,0,22,23,69,38,43
"48",48,"Genypterus blacodes",10,6,4,32.3198412698413,0.00280898876404494,4.168,0.536,14,12,22,16,14
"49",49,"Lithodes santolla",17,15,2,29.534632034632,0.00304878048780488,2.827,0.727,7,14,12,11,8
"50",50,"Salilota australis",7,5,2,11.0357142857143,0.00253164556962025,4.732,0.157,17,26,48,30.3333333333333,31
"51",51,"Acanthocyclus albatrossis",2,1,1,0.642857142857143,0.00248138957816377,3.5,0,22,68,54,48,63
"52",52,"Brachiopoda",2,1,1,0.366883116883117,0.00258397932816537,2,0,22,70,42,44.6666666666667,56
"53",53,"Cephalopoda",5,2,3,4.33333333333333,0.00279329608938547,3.75,0.563,19,43,24,28.6666666666667,26
"54",54,"Copepoda",14,3,11,45.3722943722944,0.00336700336700337,2.333,0.222,10,6,1,5.66666666666667,4
"55",55,"Cyanobacteria",3,0,3,0,0.00258397932816537,1,0,21,72,42,45,57
"56",56,"Sediment",4,0,4,0,0.00252525252525253,1,0,20,72,49,47,60
"57",57,"Tanaidae",5,3,2,6.42799422799423,0.00279329608938547,2.333,0.222,19,32,24,25,21
"58",58,"Bryozoa",8,2,6,9.10497835497836,0.00278551532033426,2.5,0.25,16,29,25,23.3333333333333,20
"59",59,"Pagurus sp.",5,1,4,2.44444444444444,0.00242130750605327,2,0,19,53,61,44.3333333333333,55
"60",60,"Merluccius sp.",9,6,3,45.4166666666667,0.00271739130434783,4.432,0.37,15,5,30,16.6666666666667,15
"61",61,"Euphausia lucens",3,1,2,1.41666666666667,0.00246305418719212,2,0,21,62,56,46.3333333333333,58
"62",62,"Myxine australis",2,1,1,0.5,0.00235849056603774,2,0,22,69,67,52.6666666666667,71
"63",63,"Bassanago sp.",1,0,1,0,0.0021505376344086,1,0,23,72,80,58.3333333333333,83
"64",64,"Hydrozoa",6,3,3,2.08831168831169,0.00277008310249307,2.333,0.222,18,56,27,33.6666666666667,36
"65",65,"Porifera",6,2,4,2.25497835497836,0.00277777777777778,2,0,18,54,26,32.6666666666667,34
"66",66,"Nacella deaurata",18,16,2,40.9833333333333,0.00316455696202532,2.642,0.345,6,7,6,6.33333333333333,5
"67",67,"Polyplacophora",5,4,1,1.73333333333333,0.00273224043715847,2.625,0.422,19,59,29,35.6666666666667,40
"68",68,"Cottoperca gobio",7,6,1,17.5111111111111,0.00251889168765743,4.4,0.433,17,21,50,29.3333333333333,28
"69",69,"Prolatilus jugularis",4,3,1,3.78888888888889,0.00251256281407035,3.153,0.047,20,47,51,39.3333333333333,46
"70",70,"Euphausia vallentini",4,2,2,3.66666666666667,0.0025062656641604,2,0,20,48,52,40,47
"71",71,"Chironomidae",5,2,3,3,0.00271739130434783,2,0,19,49,30,32.6666666666667,34
"72",72,"Cirripedia",3,1,2,0.333333333333333,0.00248138957816377,2,0,21,71,54,48.6666666666667,64
"73",73,"Margarella violacea",3,1,2,0,0.00245098039215686,2,0,21,72,57,50,67
"74",74,"Notochthamalus scabrosus",2,1,1,0,0.00240384615384615,2,0,22,72,63,52.3333333333333,70
"75",75,"Dissostichus eleginoides",7,6,1,19.9094516594517,0.00259067357512953,4.816,0.525,17,19,41,25.6666666666667,23
"76",76,"Otaria byronia",16,15,1,37.0450937950938,0.00280898876404494,4.408,0.69,8,11,22,13.6666666666667,11
"77",77,"Tachyeres pteneres",2,1,1,1.04545454545455,0.00223713646532438,4.5,0,22,63,75,53.3333333333333,72
"78",78,"Callorhinchus callorynchus",2,1,1,0.95021645021645,0.0023696682464455,3,0,22,65,66,51,69
"79",79,"Cilus gilberti",4,3,1,2.75873015873016,0.0025974025974026,2.819,0.371,20,50,40,36.6666666666667,42
"80",80,"Mustelus mento",3,2,1,1,0.00226757369614512,3.5,0.25,21,64,72,52.3333333333333,70
"81",81,"Oncorhynchus sp.",2,1,1,0,0.00233100233100233,4.5,0,22,72,70,54.6666666666667,75
"82",82,"Paralabrax humeralis",1,0,1,0,0.00202839756592292,1,0,23,72,88,61,87
"83",83,"Pinguipes chilensis",7,6,1,5.37561327561328,0.00274725274725275,3.688,0.553,17,38,28,27.6666666666667,24
"84",84,"Salmo salar",4,3,1,2.67539682539683,0.00242718446601942,4.144,0.996,20,51,60,43.6666666666667,54
"85",85,"Thyrsites atun",4,3,1,0.5,0.00238095238095238,4.333,0.352,20,69,64,51,69
"86",86,"Trachurus murphyi",5,4,1,5.93398268398268,0.00255754475703325,3.625,0.172,19,35,44,32.6666666666667,34
"87",87,"Paracalanus indicus",2,1,1,0.5,0.0020703933747412,2,0,22,69,87,59.3333333333333,85
"88",88,"Pluteus (larva)",2,1,1,0.5,0.00226757369614512,3,0,22,69,72,54.3333333333333,74
"89",89,"Aulacomya atra",3,2,1,1.61688311688312,0.00248756218905473,2.5,0.25,21,61,53,45,57
"90",90,"Martialia hyadesii",2,1,1,1.66666666666667,0.00195694716242661,3,0,22,60,91,57.6666666666667,81
"91",91,"Austrolycus depressiceps",4,3,1,5.31666666666667,0.00247524752475248,3.736,0.549,20,40,55,38.3333333333333,44
"92",92,"Ramnogaster arcuata",2,0,2,0,0.00190839694656489,1,0,22,72,95,63,92
"93",93,"Crustacea",3,2,1,0.783549783549784,0.0024390243902439,2.5,0.25,21,67,59,49,65
"94",94,"Acanthina monodon",2,2,0,0,0.00212765957446809,3.5,0,22,72,84,59.3333333333333,85
"95",95,"Anasterias antarctica",3,3,0,0,0.00224719101123596,3.167,0.056,21,72,73,55.3333333333333,76
"96",96,"Antholoba achates",1,1,0,0,0.00194552529182879,4.158,0,23,72,92,62.3333333333333,91
"97",97,"Appendicularians",1,1,0,0,0.0021978021978022,3,0,23,72,78,57.6666666666667,81
"98",98,"Aptenodytes patagonicus",4,4,0,0,0.00235294117647059,4.381,0.239,20,72,68,53.3333333333333,72
"99",99,"Arctocephalus australis",2,2,0,0,0.00194174757281553,4.583,0.062,22,72,93,62.3333333333333,91
"100",100,"Austrochlamys natans",1,1,0,0,0.00223713646532438,2,0,23,72,75,56.6666666666667,79
"101",101,"Bathylagichthys parini (larvae)",8,8,0,0,0.00258397932816537,2.722,0.336,16,72,42,43.3333333333333,53
"102",102,"Bunodactis octoradiata",1,1,0,0,0.00196463654223969,3,0,23,72,90,61.6666666666667,89
"103",103,"Calidris canutus",1,1,0,0,0.00211416490486258,3,0,23,72,85,60,86
"104",104,"Campylonotus vagans",1,1,0,0,0.0021978021978022,3,0,23,72,78,57.6666666666667,81
"105",105,"Cephalorhynchus commersonii commersonii",11,11,0,0,0.00280112044817927,4.335,0.351,13,72,23,36,41
"106",106,"Champsocephalus esox",3,3,0,0,0.00220264317180617,4.505,0.054,21,72,77,56.6666666666667,79
"107",107,"Chloephaga hybrida",1,1,0,0,0.00214132762312634,2,0,23,72,82,59,84
"108",108,"Cosmasterias lurida",6,6,0,0,0.00244498777506112,3.45,0.12,18,72,58,49.3333333333333,66
"109",109,"Crepipatella dilatata",1,1,0,0,0.00214132762312634,2,0,23,72,82,59,84
"110",110,"Darina solenoides",1,1,0,0,0.00223713646532438,2,0,23,72,75,56.6666666666667,79
"111",111,"Eurypodius latreillei",5,5,0,0,0.00247524752475248,3.189,0.054,19,72,55,48.6666666666667,64
"112",112,"Fissurella oriens",1,1,0,0,0.00214132762312634,2,0,23,72,82,59,84
"113",113,"Fissurella radiosa",1,1,0,0,0.00214132762312634,2,0,23,72,82,59,84
"114",114,"Gaimardia trapesina",1,1,0,0,0.00223713646532438,2,0,23,72,75,56.6666666666667,79
"115",115,"Gammaridae",3,3,0,0,0.00253807106598985,2.333,0.222,21,72,47,46.6666666666667,59
"116",116,"Labidiaster radiosus",1,1,0,0,0.00196463654223969,3,0,23,72,90,61.6666666666667,89
"117",117,"Lagenorhynchus australis",10,10,0,0,0.002710027100271,4.448,0.61,14,72,31,39,45
"118",118,"Larus dominicanus",3,3,0,0,0.00224719101123596,3.167,0.056,21,72,73,55.3333333333333,76
"119",119,"Lithodes santolla (juvenile)",13,13,0,0,0.00305810397553517,3.148,0.549,11,72,11,31.3333333333333,32
"120",120,"Lutra felina",5,5,0,0,0.00245098039215686,4.49,0.223,19,72,57,49.3333333333333,66
"121",121,"Maurolicus australis (larvae)",4,4,0,0,0.00192678227360308,2.75,0.187,20,72,94,62,90
"122",122,"Megaptera novaeangliae",5,5,0,0,0.0026246719160105,3.467,0.371,19,72,38,43,52
"123",123,"Nacella magellanica",17,17,0,0,0.00313479623824451,2.605,0.347,7,72,8,29,27
"124",124,"Nacella mytilina",3,3,0,0,0.00258397932816537,2,0,21,72,42,45,57
"125",125,"Ophiactis asperula",1,1,0,0,0.00194552529182879,2,0,23,72,92,62.3333333333333,91
"126",126,"Ophiuroglypha lymani",7,7,0,0,0.00294985250737463,2.714,0.847,17,72,17,35.3333333333333,39
"127",127,"Orcinus orca",3,3,0,0,0.00214592274678112,5.574,0.031,21,72,81,58,82
"128",128,"Paraeuthria fuscata",1,1,0,0,0.00224215246636771,2,0,23,72,74,56.3333333333333,78
"129",129,"Paralomis granulosa",13,13,0,0,0.003003003003003,3.147,0.589,11,72,14,32.3333333333333,33
"130",130,"Patagonotothen tessellata (larvae)",7,7,0,0,0.00240963855421687,3.048,0.299,17,72,62,50.3333333333333,68
"131",131,"Platynereis australis",2,2,0,0,0.00240384615384615,2,0,22,72,63,52.3333333333333,70
"132",132,"Plaxiphora aurata",2,2,0,0,0.0020746887966805,2,0,22,72,86,60,86
"133",133,"Pseudorca crassidens",4,4,0,0,0.00218818380743982,4.74,0.231,20,72,79,57,80
"134",134,"Siphonaria lessonii",2,2,0,0,0.00221238938053097,2,0,22,72,76,56.6666666666667,79
"135",135,"Spheniscus magellanicus",6,6,0,0,0.0025706940874036,4.082,1.036,18,72,43,44.3333333333333,55
"136",136,"Stercorarius chilensis",2,2,0,0,0.00213675213675214,2.917,0.84,22,72,83,59,84
"137",137,"Tegula atra",3,3,0,0,0.00223713646532438,2,0,21,72,75,56,77
"138",138,"Themisto gaudichaudii",1,1,0,0,0.00230414746543779,3.333,0,23,72,71,55.3333333333333,76
"139",139,"Trophon geversianus",3,3,0,0,0.00224719101123596,3.333,0.056,21,72,73,55.3333333333333,76
